Target,Target_Namespace,Target_Type,Target_Method,Job_Id,Job_AnalyzeLaunchVariance,Job_EvaluateOverhead,Job_MaxAbsoluteError,Job_MaxRelativeError,Job_MinInvokeCount,Job_MinIterationTime,Job_OutlierMode,Job_Affinity,Job_EnvironmentVariables,Job_Jit,Job_Platform,Job_PowerPlanMode,Job_Runtime,Job_AllowVeryLargeObjects,Job_Concurrent,Job_CpuGroups,Job_Force,Job_HeapAffinitizeMask,Job_HeapCount,Job_NoAffinitize,Job_RetainVm,Job_Server,Job_Arguments,Job_BuildConfiguration,Job_Clock,Job_EngineFactory,Job_NuGetReferences,Job_Toolchain,Job_IsMutator,Job_InvocationCount,Job_IterationCount,Job_IterationTime,Job_LaunchCount,Job_MaxIterationCount,Job_MaxWarmupIterationCount,Job_MinIterationCount,Job_MinWarmupIterationCount,Job_RunStrategy,Job_UnrollFactor,Job_WarmupCount,Job_Display,Params,Measurement_LaunchIndex,Measurement_IterationMode,Measurement_IterationStage,Measurement_IterationIndex,Measurement_Nanoseconds,Measurement_Operations,Measurement_Value
BaselineBenchmarks.Parse,Baseline,BaselineBenchmarks,Parse,Job-TCDEJB,Default,Default,Default,Default,Default,Default,Default,Default,Default,Default,Default,Default,.NET 4.7.2,Default,Default,Default,Default,Default,Default,Default,Default,Default,Default,Default,Default,Default,Default,net472,Default,Default,Default,Default,Default,Default,Default,Default,Default,Default,Default,Default,"Job-TCDEJB(Runtime=.NET 4.7.2, Toolchain=net472)",textValue=1234.56789,1,Overhead,Jitting,1,569900,1,569900
BaselineBenchmarks.Parse,Baseline,BaselineBenchmarks,Parse,Job-TCDEJB,Default,Default,Default,Default,Default,Default,Default,Default,Default,Default,Default,Default,.NET 4.7.2,Default,Default,Default,Default,Default,Default,Default,Default,Default,Default,Default,Default,Default,Default,net472,Default,Default,Default,Default,Default,Default,Default,Default,Default,Default,Default,Default,"Job-TCDEJB(Runtime=.NET 4.7.2, Toolchain=net472)",textValue=1234.56789,1,Workload,Jitting,1,366400,1,366400
BaselineBenchmarks.Parse,Baseline,BaselineBenchmarks,Parse,Job-TCDEJB,Default,Default,Default,Default,Default,Default,Default,Default,Default,Default,Default,Default,.NET 4.7.2,Default,Default,Default,Default,Default,Default,Default,Default,Default,Default,Default,Default,Default,Default,net472,Default,Default,Default,Default,Default,Default,Default,Default,Default,Default,Default,Default,"Job-TCDEJB(Runtime=.NET 4.7.2, Toolchain=net472)",textValue=1234.56789,1,Overhead,Jitting,2,1076400,16,67275
BaselineBenchmarks.Parse,Baseline,BaselineBenchmarks,Parse,Job-TCDEJB,Default,Default,Default,Default,Default,Default,Default,Default,Default,Default,Default,Default,.NET 4.7.2,Default,Default,Default,Default,Default,Default,Default,Default,Default,Default,Default,Default,Default,Default,net472,Default,Default,Default,Default,Default,Default,Default,Default,Default,Default,Default,Default,"Job-TCDEJB(Runtime=.NET 4.7.2, Toolchain=net472)",textValue=1234.56789,1,Workload,Jitting,2,1131400,16,70712.5
BaselineBenchmarks.Parse,Baseline,BaselineBenchmarks,Parse,Job-TCDEJB,Default,Default,Default,Default,Default,Default,Default,Default,Default,Default,Default,Default,.NET 4.7.2,Default,Default,Default,Default,Default,Default,Default,Default,Default,Default,Default,Default,Default,Default,net472,Default,Default,Default,Default,Default,Default,Default,Default,Default,Default,Default,Default,"Job-TCDEJB(Runtime=.NET 4.7.2, Toolchain=net472)",textValue=1234.56789,1,Workload,Pilot,1,6100,16,381.25
BaselineBenchmarks.Parse,Baseline,BaselineBenchmarks,Parse,Job-TCDEJB,Default,Default,Default,Default,Default,Default,Default,Default,Default,Default,Default,Default,.NET 4.7.2,Default,Default,Default,Default,Default,Default,Default,Default,Default,Default,Default,Default,Default,Default,net472,Default,Default,Default,Default,Default,Default,Default,Default,Default,Default,Default,Default,"Job-TCDEJB(Runtime=.NET 4.7.2, Toolchain=net472)",textValue=1234.56789,1,Workload,Pilot,2,7500,32,234.38
BaselineBenchmarks.Parse,Baseline,BaselineBenchmarks,Parse,Job-TCDEJB,Default,Default,Default,Default,Default,Default,Default,Default,Default,Default,Default,Default,.NET 4.7.2,Default,Default,Default,Default,Default,Default,Default,Default,Default,Default,Default,Default,Default,Default,net472,Default,Default,Default,Default,Default,Default,Default,Default,Default,Default,Default,Default,"Job-TCDEJB(Runtime=.NET 4.7.2, Toolchain=net472)",textValue=1234.56789,1,Workload,Pilot,3,12800,64,200
BaselineBenchmarks.Parse,Baseline,BaselineBenchmarks,Parse,Job-TCDEJB,Default,Default,Default,Default,Default,Default,Default,Default,Default,Default,Default,Default,.NET 4.7.2,Default,Default,Default,Default,Default,Default,Default,Default,Default,Default,Default,Default,Default,Default,net472,Default,Default,Default,Default,Default,Default,Default,Default,Default,Default,Default,Default,"Job-TCDEJB(Runtime=.NET 4.7.2, Toolchain=net472)",textValue=1234.56789,1,Workload,Pilot,4,54600,128,426.56
BaselineBenchmarks.Parse,Baseline,BaselineBenchmarks,Parse,Job-TCDEJB,Default,Default,Default,Default,Default,Default,Default,Default,Default,Default,Default,Default,.NET 4.7.2,Default,Default,Default,Default,Default,Default,Default,Default,Default,Default,Default,Default,Default,Default,net472,Default,Default,Default,Default,Default,Default,Default,Default,Default,Default,Default,Default,"Job-TCDEJB(Runtime=.NET 4.7.2, Toolchain=net472)",textValue=1234.56789,1,Workload,Pilot,5,45500,256,177.73
BaselineBenchmarks.Parse,Baseline,BaselineBenchmarks,Parse,Job-TCDEJB,Default,Default,Default,Default,Default,Default,Default,Default,Default,Default,Default,Default,.NET 4.7.2,Default,Default,Default,Default,Default,Default,Default,Default,Default,Default,Default,Default,Default,Default,net472,Default,Default,Default,Default,Default,Default,Default,Default,Default,Default,Default,Default,"Job-TCDEJB(Runtime=.NET 4.7.2, Toolchain=net472)",textValue=1234.56789,1,Workload,Pilot,6,94200,512,183.98
BaselineBenchmarks.Parse,Baseline,BaselineBenchmarks,Parse,Job-TCDEJB,Default,Default,Default,Default,Default,Default,Default,Default,Default,Default,Default,Default,.NET 4.7.2,Default,Default,Default,Default,Default,Default,Default,Default,Default,Default,Default,Default,Default,Default,net472,Default,Default,Default,Default,Default,Default,Default,Default,Default,Default,Default,Default,"Job-TCDEJB(Runtime=.NET 4.7.2, Toolchain=net472)",textValue=1234.56789,1,Workload,Pilot,7,176200,1024,172.07
BaselineBenchmarks.Parse,Baseline,BaselineBenchmarks,Parse,Job-TCDEJB,Default,Default,Default,Default,Default,Default,Default,Default,Default,Default,Default,Default,.NET 4.7.2,Default,Default,Default,Default,Default,Default,Default,Default,Default,Default,Default,Default,Default,Default,net472,Default,Default,Default,Default,Default,Default,Default,Default,Default,Default,Default,Default,"Job-TCDEJB(Runtime=.NET 4.7.2, Toolchain=net472)",textValue=1234.56789,1,Workload,Pilot,8,373200,2048,182.23
BaselineBenchmarks.Parse,Baseline,BaselineBenchmarks,Parse,Job-TCDEJB,Default,Default,Default,Default,Default,Default,Default,Default,Default,Default,Default,Default,.NET 4.7.2,Default,Default,Default,Default,Default,Default,Default,Default,Default,Default,Default,Default,Default,Default,net472,Default,Default,Default,Default,Default,Default,Default,Default,Default,Default,Default,Default,"Job-TCDEJB(Runtime=.NET 4.7.2, Toolchain=net472)",textValue=1234.56789,1,Workload,Pilot,9,735900,4096,179.66
BaselineBenchmarks.Parse,Baseline,BaselineBenchmarks,Parse,Job-TCDEJB,Default,Default,Default,Default,Default,Default,Default,Default,Default,Default,Default,Default,.NET 4.7.2,Default,Default,Default,Default,Default,Default,Default,Default,Default,Default,Default,Default,Default,Default,net472,Default,Default,Default,Default,Default,Default,Default,Default,Default,Default,Default,Default,"Job-TCDEJB(Runtime=.NET 4.7.2, Toolchain=net472)",textValue=1234.56789,1,Workload,Pilot,10,1528700,8192,186.61
BaselineBenchmarks.Parse,Baseline,BaselineBenchmarks,Parse,Job-TCDEJB,Default,Default,Default,Default,Default,Default,Default,Default,Default,Default,Default,Default,.NET 4.7.2,Default,Default,Default,Default,Default,Default,Default,Default,Default,Default,Default,Default,Default,Default,net472,Default,Default,Default,Default,Default,Default,Default,Default,Default,Default,Default,Default,"Job-TCDEJB(Runtime=.NET 4.7.2, Toolchain=net472)",textValue=1234.56789,1,Workload,Pilot,11,3096700,16384,189.01
BaselineBenchmarks.Parse,Baseline,BaselineBenchmarks,Parse,Job-TCDEJB,Default,Default,Default,Default,Default,Default,Default,Default,Default,Default,Default,Default,.NET 4.7.2,Default,Default,Default,Default,Default,Default,Default,Default,Default,Default,Default,Default,Default,Default,net472,Default,Default,Default,Default,Default,Default,Default,Default,Default,Default,Default,Default,"Job-TCDEJB(Runtime=.NET 4.7.2, Toolchain=net472)",textValue=1234.56789,1,Workload,Pilot,12,6745900,32768,205.87
BaselineBenchmarks.Parse,Baseline,BaselineBenchmarks,Parse,Job-TCDEJB,Default,Default,Default,Default,Default,Default,Default,Default,Default,Default,Default,Default,.NET 4.7.2,Default,Default,Default,Default,Default,Default,Default,Default,Default,Default,Default,Default,Default,Default,net472,Default,Default,Default,Default,Default,Default,Default,Default,Default,Default,Default,Default,"Job-TCDEJB(Runtime=.NET 4.7.2, Toolchain=net472)",textValue=1234.56789,1,Workload,Pilot,13,12117600,65536,184.9
BaselineBenchmarks.Parse,Baseline,BaselineBenchmarks,Parse,Job-TCDEJB,Default,Default,Default,Default,Default,Default,Default,Default,Default,Default,Default,Default,.NET 4.7.2,Default,Default,Default,Default,Default,Default,Default,Default,Default,Default,Default,Default,Default,Default,net472,Default,Default,Default,Default,Default,Default,Default,Default,Default,Default,Default,Default,"Job-TCDEJB(Runtime=.NET 4.7.2, Toolchain=net472)",textValue=1234.56789,1,Workload,Pilot,14,24804100,131072,189.24
BaselineBenchmarks.Parse,Baseline,BaselineBenchmarks,Parse,Job-TCDEJB,Default,Default,Default,Default,Default,Default,Default,Default,Default,Default,Default,Default,.NET 4.7.2,Default,Default,Default,Default,Default,Default,Default,Default,Default,Default,Default,Default,Default,Default,net472,Default,Default,Default,Default,Default,Default,Default,Default,Default,Default,Default,Default,"Job-TCDEJB(Runtime=.NET 4.7.2, Toolchain=net472)",textValue=1234.56789,1,Workload,Pilot,15,50316000,262144,191.94
BaselineBenchmarks.Parse,Baseline,BaselineBenchmarks,Parse,Job-TCDEJB,Default,Default,Default,Default,Default,Default,Default,Default,Default,Default,Default,Default,.NET 4.7.2,Default,Default,Default,Default,Default,Default,Default,Default,Default,Default,Default,Default,Default,Default,net472,Default,Default,Default,Default,Default,Default,Default,Default,Default,Default,Default,Default,"Job-TCDEJB(Runtime=.NET 4.7.2, Toolchain=net472)",textValue=1234.56789,1,Workload,Pilot,16,100318300,524288,191.34
BaselineBenchmarks.Parse,Baseline,BaselineBenchmarks,Parse,Job-TCDEJB,Default,Default,Default,Default,Default,Default,Default,Default,Default,Default,Default,Default,.NET 4.7.2,Default,Default,Default,Default,Default,Default,Default,Default,Default,Default,Default,Default,Default,Default,net472,Default,Default,Default,Default,Default,Default,Default,Default,Default,Default,Default,Default,"Job-TCDEJB(Runtime=.NET 4.7.2, Toolchain=net472)",textValue=1234.56789,1,Workload,Pilot,17,199553300,1048576,190.31
BaselineBenchmarks.Parse,Baseline,BaselineBenchmarks,Parse,Job-TCDEJB,Default,Default,Default,Default,Default,Default,Default,Default,Default,Default,Default,Default,.NET 4.7.2,Default,Default,Default,Default,Default,Default,Default,Default,Default,Default,Default,Default,Default,Default,net472,Default,Default,Default,Default,Default,Default,Default,Default,Default,Default,Default,Default,"Job-TCDEJB(Runtime=.NET 4.7.2, Toolchain=net472)",textValue=1234.56789,1,Workload,Pilot,18,400724500,2097152,191.08
BaselineBenchmarks.Parse,Baseline,BaselineBenchmarks,Parse,Job-TCDEJB,Default,Default,Default,Default,Default,Default,Default,Default,Default,Default,Default,Default,.NET 4.7.2,Default,Default,Default,Default,Default,Default,Default,Default,Default,Default,Default,Default,Default,Default,net472,Default,Default,Default,Default,Default,Default,Default,Default,Default,Default,Default,Default,"Job-TCDEJB(Runtime=.NET 4.7.2, Toolchain=net472)",textValue=1234.56789,1,Workload,Pilot,19,813274700,4194304,193.9
BaselineBenchmarks.Parse,Baseline,BaselineBenchmarks,Parse,Job-TCDEJB,Default,Default,Default,Default,Default,Default,Default,Default,Default,Default,Default,Default,.NET 4.7.2,Default,Default,Default,Default,Default,Default,Default,Default,Default,Default,Default,Default,Default,Default,net472,Default,Default,Default,Default,Default,Default,Default,Default,Default,Default,Default,Default,"Job-TCDEJB(Runtime=.NET 4.7.2, Toolchain=net472)",textValue=1234.56789,1,Overhead,Warmup,1,10678700,4194304,2.55
BaselineBenchmarks.Parse,Baseline,BaselineBenchmarks,Parse,Job-TCDEJB,Default,Default,Default,Default,Default,Default,Default,Default,Default,Default,Default,Default,.NET 4.7.2,Default,Default,Default,Default,Default,Default,Default,Default,Default,Default,Default,Default,Default,Default,net472,Default,Default,Default,Default,Default,Default,Default,Default,Default,Default,Default,Default,"Job-TCDEJB(Runtime=.NET 4.7.2, Toolchain=net472)",textValue=1234.56789,1,Overhead,Warmup,2,10704600,4194304,2.55
BaselineBenchmarks.Parse,Baseline,BaselineBenchmarks,Parse,Job-TCDEJB,Default,Default,Default,Default,Default,Default,Default,Default,Default,Default,Default,Default,.NET 4.7.2,Default,Default,Default,Default,Default,Default,Default,Default,Default,Default,Default,Default,Default,Default,net472,Default,Default,Default,Default,Default,Default,Default,Default,Default,Default,Default,Default,"Job-TCDEJB(Runtime=.NET 4.7.2, Toolchain=net472)",textValue=1234.56789,1,Overhead,Warmup,3,10533900,4194304,2.51
BaselineBenchmarks.Parse,Baseline,BaselineBenchmarks,Parse,Job-TCDEJB,Default,Default,Default,Default,Default,Default,Default,Default,Default,Default,Default,Default,.NET 4.7.2,Default,Default,Default,Default,Default,Default,Default,Default,Default,Default,Default,Default,Default,Default,net472,Default,Default,Default,Default,Default,Default,Default,Default,Default,Default,Default,Default,"Job-TCDEJB(Runtime=.NET 4.7.2, Toolchain=net472)",textValue=1234.56789,1,Overhead,Warmup,4,10721600,4194304,2.56
BaselineBenchmarks.Parse,Baseline,BaselineBenchmarks,Parse,Job-TCDEJB,Default,Default,Default,Default,Default,Default,Default,Default,Default,Default,Default,Default,.NET 4.7.2,Default,Default,Default,Default,Default,Default,Default,Default,Default,Default,Default,Default,Default,Default,net472,Default,Default,Default,Default,Default,Default,Default,Default,Default,Default,Default,Default,"Job-TCDEJB(Runtime=.NET 4.7.2, Toolchain=net472)",textValue=1234.56789,1,Overhead,Warmup,5,10627100,4194304,2.53
BaselineBenchmarks.Parse,Baseline,BaselineBenchmarks,Parse,Job-TCDEJB,Default,Default,Default,Default,Default,Default,Default,Default,Default,Default,Default,Default,.NET 4.7.2,Default,Default,Default,Default,Default,Default,Default,Default,Default,Default,Default,Default,Default,Default,net472,Default,Default,Default,Default,Default,Default,Default,Default,Default,Default,Default,Default,"Job-TCDEJB(Runtime=.NET 4.7.2, Toolchain=net472)",textValue=1234.56789,1,Overhead,Actual,1,10232300,4194304,2.44
BaselineBenchmarks.Parse,Baseline,BaselineBenchmarks,Parse,Job-TCDEJB,Default,Default,Default,Default,Default,Default,Default,Default,Default,Default,Default,Default,.NET 4.7.2,Default,Default,Default,Default,Default,Default,Default,Default,Default,Default,Default,Default,Default,Default,net472,Default,Default,Default,Default,Default,Default,Default,Default,Default,Default,Default,Default,"Job-TCDEJB(Runtime=.NET 4.7.2, Toolchain=net472)",textValue=1234.56789,1,Overhead,Actual,2,10423000,4194304,2.49
BaselineBenchmarks.Parse,Baseline,BaselineBenchmarks,Parse,Job-TCDEJB,Default,Default,Default,Default,Default,Default,Default,Default,Default,Default,Default,Default,.NET 4.7.2,Default,Default,Default,Default,Default,Default,Default,Default,Default,Default,Default,Default,Default,Default,net472,Default,Default,Default,Default,Default,Default,Default,Default,Default,Default,Default,Default,"Job-TCDEJB(Runtime=.NET 4.7.2, Toolchain=net472)",textValue=1234.56789,1,Overhead,Actual,3,11975900,4194304,2.86
BaselineBenchmarks.Parse,Baseline,BaselineBenchmarks,Parse,Job-TCDEJB,Default,Default,Default,Default,Default,Default,Default,Default,Default,Default,Default,Default,.NET 4.7.2,Default,Default,Default,Default,Default,Default,Default,Default,Default,Default,Default,Default,Default,Default,net472,Default,Default,Default,Default,Default,Default,Default,Default,Default,Default,Default,Default,"Job-TCDEJB(Runtime=.NET 4.7.2, Toolchain=net472)",textValue=1234.56789,1,Overhead,Actual,4,10809300,4194304,2.58
BaselineBenchmarks.Parse,Baseline,BaselineBenchmarks,Parse,Job-TCDEJB,Default,Default,Default,Default,Default,Default,Default,Default,Default,Default,Default,Default,.NET 4.7.2,Default,Default,Default,Default,Default,Default,Default,Default,Default,Default,Default,Default,Default,Default,net472,Default,Default,Default,Default,Default,Default,Default,Default,Default,Default,Default,Default,"Job-TCDEJB(Runtime=.NET 4.7.2, Toolchain=net472)",textValue=1234.56789,1,Overhead,Actual,5,10247700,4194304,2.44
BaselineBenchmarks.Parse,Baseline,BaselineBenchmarks,Parse,Job-TCDEJB,Default,Default,Default,Default,Default,Default,Default,Default,Default,Default,Default,Default,.NET 4.7.2,Default,Default,Default,Default,Default,Default,Default,Default,Default,Default,Default,Default,Default,Default,net472,Default,Default,Default,Default,Default,Default,Default,Default,Default,Default,Default,Default,"Job-TCDEJB(Runtime=.NET 4.7.2, Toolchain=net472)",textValue=1234.56789,1,Overhead,Actual,6,10638700,4194304,2.54
BaselineBenchmarks.Parse,Baseline,BaselineBenchmarks,Parse,Job-TCDEJB,Default,Default,Default,Default,Default,Default,Default,Default,Default,Default,Default,Default,.NET 4.7.2,Default,Default,Default,Default,Default,Default,Default,Default,Default,Default,Default,Default,Default,Default,net472,Default,Default,Default,Default,Default,Default,Default,Default,Default,Default,Default,Default,"Job-TCDEJB(Runtime=.NET 4.7.2, Toolchain=net472)",textValue=1234.56789,1,Overhead,Actual,7,10498800,4194304,2.5
BaselineBenchmarks.Parse,Baseline,BaselineBenchmarks,Parse,Job-TCDEJB,Default,Default,Default,Default,Default,Default,Default,Default,Default,Default,Default,Default,.NET 4.7.2,Default,Default,Default,Default,Default,Default,Default,Default,Default,Default,Default,Default,Default,Default,net472,Default,Default,Default,Default,Default,Default,Default,Default,Default,Default,Default,Default,"Job-TCDEJB(Runtime=.NET 4.7.2, Toolchain=net472)",textValue=1234.56789,1,Overhead,Actual,8,10417900,4194304,2.48
BaselineBenchmarks.Parse,Baseline,BaselineBenchmarks,Parse,Job-TCDEJB,Default,Default,Default,Default,Default,Default,Default,Default,Default,Default,Default,Default,.NET 4.7.2,Default,Default,Default,Default,Default,Default,Default,Default,Default,Default,Default,Default,Default,Default,net472,Default,Default,Default,Default,Default,Default,Default,Default,Default,Default,Default,Default,"Job-TCDEJB(Runtime=.NET 4.7.2, Toolchain=net472)",textValue=1234.56789,1,Overhead,Actual,9,10303800,4194304,2.46
BaselineBenchmarks.Parse,Baseline,BaselineBenchmarks,Parse,Job-TCDEJB,Default,Default,Default,Default,Default,Default,Default,Default,Default,Default,Default,Default,.NET 4.7.2,Default,Default,Default,Default,Default,Default,Default,Default,Default,Default,Default,Default,Default,Default,net472,Default,Default,Default,Default,Default,Default,Default,Default,Default,Default,Default,Default,"Job-TCDEJB(Runtime=.NET 4.7.2, Toolchain=net472)",textValue=1234.56789,1,Overhead,Actual,10,10717400,4194304,2.56
BaselineBenchmarks.Parse,Baseline,BaselineBenchmarks,Parse,Job-TCDEJB,Default,Default,Default,Default,Default,Default,Default,Default,Default,Default,Default,Default,.NET 4.7.2,Default,Default,Default,Default,Default,Default,Default,Default,Default,Default,Default,Default,Default,Default,net472,Default,Default,Default,Default,Default,Default,Default,Default,Default,Default,Default,Default,"Job-TCDEJB(Runtime=.NET 4.7.2, Toolchain=net472)",textValue=1234.56789,1,Overhead,Actual,11,10328300,4194304,2.46
BaselineBenchmarks.Parse,Baseline,BaselineBenchmarks,Parse,Job-TCDEJB,Default,Default,Default,Default,Default,Default,Default,Default,Default,Default,Default,Default,.NET 4.7.2,Default,Default,Default,Default,Default,Default,Default,Default,Default,Default,Default,Default,Default,Default,net472,Default,Default,Default,Default,Default,Default,Default,Default,Default,Default,Default,Default,"Job-TCDEJB(Runtime=.NET 4.7.2, Toolchain=net472)",textValue=1234.56789,1,Overhead,Actual,12,10720200,4194304,2.56
BaselineBenchmarks.Parse,Baseline,BaselineBenchmarks,Parse,Job-TCDEJB,Default,Default,Default,Default,Default,Default,Default,Default,Default,Default,Default,Default,.NET 4.7.2,Default,Default,Default,Default,Default,Default,Default,Default,Default,Default,Default,Default,Default,Default,net472,Default,Default,Default,Default,Default,Default,Default,Default,Default,Default,Default,Default,"Job-TCDEJB(Runtime=.NET 4.7.2, Toolchain=net472)",textValue=1234.56789,1,Overhead,Actual,13,10217500,4194304,2.44
BaselineBenchmarks.Parse,Baseline,BaselineBenchmarks,Parse,Job-TCDEJB,Default,Default,Default,Default,Default,Default,Default,Default,Default,Default,Default,Default,.NET 4.7.2,Default,Default,Default,Default,Default,Default,Default,Default,Default,Default,Default,Default,Default,Default,net472,Default,Default,Default,Default,Default,Default,Default,Default,Default,Default,Default,Default,"Job-TCDEJB(Runtime=.NET 4.7.2, Toolchain=net472)",textValue=1234.56789,1,Overhead,Actual,14,10439400,4194304,2.49
BaselineBenchmarks.Parse,Baseline,BaselineBenchmarks,Parse,Job-TCDEJB,Default,Default,Default,Default,Default,Default,Default,Default,Default,Default,Default,Default,.NET 4.7.2,Default,Default,Default,Default,Default,Default,Default,Default,Default,Default,Default,Default,Default,Default,net472,Default,Default,Default,Default,Default,Default,Default,Default,Default,Default,Default,Default,"Job-TCDEJB(Runtime=.NET 4.7.2, Toolchain=net472)",textValue=1234.56789,1,Overhead,Actual,15,10188900,4194304,2.43
BaselineBenchmarks.Parse,Baseline,BaselineBenchmarks,Parse,Job-TCDEJB,Default,Default,Default,Default,Default,Default,Default,Default,Default,Default,Default,Default,.NET 4.7.2,Default,Default,Default,Default,Default,Default,Default,Default,Default,Default,Default,Default,Default,Default,net472,Default,Default,Default,Default,Default,Default,Default,Default,Default,Default,Default,Default,"Job-TCDEJB(Runtime=.NET 4.7.2, Toolchain=net472)",textValue=1234.56789,1,Workload,Warmup,1,776305700,4194304,185.09
BaselineBenchmarks.Parse,Baseline,BaselineBenchmarks,Parse,Job-TCDEJB,Default,Default,Default,Default,Default,Default,Default,Default,Default,Default,Default,Default,.NET 4.7.2,Default,Default,Default,Default,Default,Default,Default,Default,Default,Default,Default,Default,Default,Default,net472,Default,Default,Default,Default,Default,Default,Default,Default,Default,Default,Default,Default,"Job-TCDEJB(Runtime=.NET 4.7.2, Toolchain=net472)",textValue=1234.56789,1,Workload,Warmup,2,794368100,4194304,189.39
BaselineBenchmarks.Parse,Baseline,BaselineBenchmarks,Parse,Job-TCDEJB,Default,Default,Default,Default,Default,Default,Default,Default,Default,Default,Default,Default,.NET 4.7.2,Default,Default,Default,Default,Default,Default,Default,Default,Default,Default,Default,Default,Default,Default,net472,Default,Default,Default,Default,Default,Default,Default,Default,Default,Default,Default,Default,"Job-TCDEJB(Runtime=.NET 4.7.2, Toolchain=net472)",textValue=1234.56789,1,Workload,Warmup,3,807616500,4194304,192.55
BaselineBenchmarks.Parse,Baseline,BaselineBenchmarks,Parse,Job-TCDEJB,Default,Default,Default,Default,Default,Default,Default,Default,Default,Default,Default,Default,.NET 4.7.2,Default,Default,Default,Default,Default,Default,Default,Default,Default,Default,Default,Default,Default,Default,net472,Default,Default,Default,Default,Default,Default,Default,Default,Default,Default,Default,Default,"Job-TCDEJB(Runtime=.NET 4.7.2, Toolchain=net472)",textValue=1234.56789,1,Workload,Warmup,4,815767700,4194304,194.49
BaselineBenchmarks.Parse,Baseline,BaselineBenchmarks,Parse,Job-TCDEJB,Default,Default,Default,Default,Default,Default,Default,Default,Default,Default,Default,Default,.NET 4.7.2,Default,Default,Default,Default,Default,Default,Default,Default,Default,Default,Default,Default,Default,Default,net472,Default,Default,Default,Default,Default,Default,Default,Default,Default,Default,Default,Default,"Job-TCDEJB(Runtime=.NET 4.7.2, Toolchain=net472)",textValue=1234.56789,1,Workload,Warmup,5,783068600,4194304,186.7
BaselineBenchmarks.Parse,Baseline,BaselineBenchmarks,Parse,Job-TCDEJB,Default,Default,Default,Default,Default,Default,Default,Default,Default,Default,Default,Default,.NET 4.7.2,Default,Default,Default,Default,Default,Default,Default,Default,Default,Default,Default,Default,Default,Default,net472,Default,Default,Default,Default,Default,Default,Default,Default,Default,Default,Default,Default,"Job-TCDEJB(Runtime=.NET 4.7.2, Toolchain=net472)",textValue=1234.56789,1,Workload,Warmup,6,818781900,4194304,195.21
BaselineBenchmarks.Parse,Baseline,BaselineBenchmarks,Parse,Job-TCDEJB,Default,Default,Default,Default,Default,Default,Default,Default,Default,Default,Default,Default,.NET 4.7.2,Default,Default,Default,Default,Default,Default,Default,Default,Default,Default,Default,Default,Default,Default,net472,Default,Default,Default,Default,Default,Default,Default,Default,Default,Default,Default,Default,"Job-TCDEJB(Runtime=.NET 4.7.2, Toolchain=net472)",textValue=1234.56789,1,Workload,Warmup,7,794999900,4194304,189.54
BaselineBenchmarks.Parse,Baseline,BaselineBenchmarks,Parse,Job-TCDEJB,Default,Default,Default,Default,Default,Default,Default,Default,Default,Default,Default,Default,.NET 4.7.2,Default,Default,Default,Default,Default,Default,Default,Default,Default,Default,Default,Default,Default,Default,net472,Default,Default,Default,Default,Default,Default,Default,Default,Default,Default,Default,Default,"Job-TCDEJB(Runtime=.NET 4.7.2, Toolchain=net472)",textValue=1234.56789,1,Workload,Actual,1,796457100,4194304,189.89
BaselineBenchmarks.Parse,Baseline,BaselineBenchmarks,Parse,Job-TCDEJB,Default,Default,Default,Default,Default,Default,Default,Default,Default,Default,Default,Default,.NET 4.7.2,Default,Default,Default,Default,Default,Default,Default,Default,Default,Default,Default,Default,Default,Default,net472,Default,Default,Default,Default,Default,Default,Default,Default,Default,Default,Default,Default,"Job-TCDEJB(Runtime=.NET 4.7.2, Toolchain=net472)",textValue=1234.56789,1,Workload,Actual,2,804483400,4194304,191.8
BaselineBenchmarks.Parse,Baseline,BaselineBenchmarks,Parse,Job-TCDEJB,Default,Default,Default,Default,Default,Default,Default,Default,Default,Default,Default,Default,.NET 4.7.2,Default,Default,Default,Default,Default,Default,Default,Default,Default,Default,Default,Default,Default,Default,net472,Default,Default,Default,Default,Default,Default,Default,Default,Default,Default,Default,Default,"Job-TCDEJB(Runtime=.NET 4.7.2, Toolchain=net472)",textValue=1234.56789,1,Workload,Actual,3,787666600,4194304,187.79
BaselineBenchmarks.Parse,Baseline,BaselineBenchmarks,Parse,Job-TCDEJB,Default,Default,Default,Default,Default,Default,Default,Default,Default,Default,Default,Default,.NET 4.7.2,Default,Default,Default,Default,Default,Default,Default,Default,Default,Default,Default,Default,Default,Default,net472,Default,Default,Default,Default,Default,Default,Default,Default,Default,Default,Default,Default,"Job-TCDEJB(Runtime=.NET 4.7.2, Toolchain=net472)",textValue=1234.56789,1,Workload,Actual,4,804196600,4194304,191.74
BaselineBenchmarks.Parse,Baseline,BaselineBenchmarks,Parse,Job-TCDEJB,Default,Default,Default,Default,Default,Default,Default,Default,Default,Default,Default,Default,.NET 4.7.2,Default,Default,Default,Default,Default,Default,Default,Default,Default,Default,Default,Default,Default,Default,net472,Default,Default,Default,Default,Default,Default,Default,Default,Default,Default,Default,Default,"Job-TCDEJB(Runtime=.NET 4.7.2, Toolchain=net472)",textValue=1234.56789,1,Workload,Actual,5,786986100,4194304,187.63
BaselineBenchmarks.Parse,Baseline,BaselineBenchmarks,Parse,Job-TCDEJB,Default,Default,Default,Default,Default,Default,Default,Default,Default,Default,Default,Default,.NET 4.7.2,Default,Default,Default,Default,Default,Default,Default,Default,Default,Default,Default,Default,Default,Default,net472,Default,Default,Default,Default,Default,Default,Default,Default,Default,Default,Default,Default,"Job-TCDEJB(Runtime=.NET 4.7.2, Toolchain=net472)",textValue=1234.56789,1,Workload,Actual,6,785192000,4194304,187.2
BaselineBenchmarks.Parse,Baseline,BaselineBenchmarks,Parse,Job-TCDEJB,Default,Default,Default,Default,Default,Default,Default,Default,Default,Default,Default,Default,.NET 4.7.2,Default,Default,Default,Default,Default,Default,Default,Default,Default,Default,Default,Default,Default,Default,net472,Default,Default,Default,Default,Default,Default,Default,Default,Default,Default,Default,Default,"Job-TCDEJB(Runtime=.NET 4.7.2, Toolchain=net472)",textValue=1234.56789,1,Workload,Actual,7,787281800,4194304,187.7
BaselineBenchmarks.Parse,Baseline,BaselineBenchmarks,Parse,Job-TCDEJB,Default,Default,Default,Default,Default,Default,Default,Default,Default,Default,Default,Default,.NET 4.7.2,Default,Default,Default,Default,Default,Default,Default,Default,Default,Default,Default,Default,Default,Default,net472,Default,Default,Default,Default,Default,Default,Default,Default,Default,Default,Default,Default,"Job-TCDEJB(Runtime=.NET 4.7.2, Toolchain=net472)",textValue=1234.56789,1,Workload,Actual,8,788668700,4194304,188.03
BaselineBenchmarks.Parse,Baseline,BaselineBenchmarks,Parse,Job-TCDEJB,Default,Default,Default,Default,Default,Default,Default,Default,Default,Default,Default,Default,.NET 4.7.2,Default,Default,Default,Default,Default,Default,Default,Default,Default,Default,Default,Default,Default,Default,net472,Default,Default,Default,Default,Default,Default,Default,Default,Default,Default,Default,Default,"Job-TCDEJB(Runtime=.NET 4.7.2, Toolchain=net472)",textValue=1234.56789,1,Workload,Actual,9,792222000,4194304,188.88
BaselineBenchmarks.Parse,Baseline,BaselineBenchmarks,Parse,Job-TCDEJB,Default,Default,Default,Default,Default,Default,Default,Default,Default,Default,Default,Default,.NET 4.7.2,Default,Default,Default,Default,Default,Default,Default,Default,Default,Default,Default,Default,Default,Default,net472,Default,Default,Default,Default,Default,Default,Default,Default,Default,Default,Default,Default,"Job-TCDEJB(Runtime=.NET 4.7.2, Toolchain=net472)",textValue=1234.56789,1,Workload,Actual,10,771464300,4194304,183.93
BaselineBenchmarks.Parse,Baseline,BaselineBenchmarks,Parse,Job-TCDEJB,Default,Default,Default,Default,Default,Default,Default,Default,Default,Default,Default,Default,.NET 4.7.2,Default,Default,Default,Default,Default,Default,Default,Default,Default,Default,Default,Default,Default,Default,net472,Default,Default,Default,Default,Default,Default,Default,Default,Default,Default,Default,Default,"Job-TCDEJB(Runtime=.NET 4.7.2, Toolchain=net472)",textValue=1234.56789,1,Workload,Actual,11,786533400,4194304,187.52
BaselineBenchmarks.Parse,Baseline,BaselineBenchmarks,Parse,Job-TCDEJB,Default,Default,Default,Default,Default,Default,Default,Default,Default,Default,Default,Default,.NET 4.7.2,Default,Default,Default,Default,Default,Default,Default,Default,Default,Default,Default,Default,Default,Default,net472,Default,Default,Default,Default,Default,Default,Default,Default,Default,Default,Default,Default,"Job-TCDEJB(Runtime=.NET 4.7.2, Toolchain=net472)",textValue=1234.56789,1,Workload,Actual,12,771109100,4194304,183.85
BaselineBenchmarks.Parse,Baseline,BaselineBenchmarks,Parse,Job-TCDEJB,Default,Default,Default,Default,Default,Default,Default,Default,Default,Default,Default,Default,.NET 4.7.2,Default,Default,Default,Default,Default,Default,Default,Default,Default,Default,Default,Default,Default,Default,net472,Default,Default,Default,Default,Default,Default,Default,Default,Default,Default,Default,Default,"Job-TCDEJB(Runtime=.NET 4.7.2, Toolchain=net472)",textValue=1234.56789,1,Workload,Actual,13,772292100,4194304,184.13
BaselineBenchmarks.Parse,Baseline,BaselineBenchmarks,Parse,Job-TCDEJB,Default,Default,Default,Default,Default,Default,Default,Default,Default,Default,Default,Default,.NET 4.7.2,Default,Default,Default,Default,Default,Default,Default,Default,Default,Default,Default,Default,Default,Default,net472,Default,Default,Default,Default,Default,Default,Default,Default,Default,Default,Default,Default,"Job-TCDEJB(Runtime=.NET 4.7.2, Toolchain=net472)",textValue=1234.56789,1,Workload,Actual,14,796836400,4194304,189.98
BaselineBenchmarks.Parse,Baseline,BaselineBenchmarks,Parse,Job-TCDEJB,Default,Default,Default,Default,Default,Default,Default,Default,Default,Default,Default,Default,.NET 4.7.2,Default,Default,Default,Default,Default,Default,Default,Default,Default,Default,Default,Default,Default,Default,net472,Default,Default,Default,Default,Default,Default,Default,Default,Default,Default,Default,Default,"Job-TCDEJB(Runtime=.NET 4.7.2, Toolchain=net472)",textValue=1234.56789,1,Workload,Actual,15,785384000,4194304,187.25
BaselineBenchmarks.Parse,Baseline,BaselineBenchmarks,Parse,Job-TCDEJB,Default,Default,Default,Default,Default,Default,Default,Default,Default,Default,Default,Default,.NET 4.7.2,Default,Default,Default,Default,Default,Default,Default,Default,Default,Default,Default,Default,Default,Default,net472,Default,Default,Default,Default,Default,Default,Default,Default,Default,Default,Default,Default,"Job-TCDEJB(Runtime=.NET 4.7.2, Toolchain=net472)",textValue=1234.56789,1,Workload,Result,1,786034100,4194304,187.41
BaselineBenchmarks.Parse,Baseline,BaselineBenchmarks,Parse,Job-TCDEJB,Default,Default,Default,Default,Default,Default,Default,Default,Default,Default,Default,Default,.NET 4.7.2,Default,Default,Default,Default,Default,Default,Default,Default,Default,Default,Default,Default,Default,Default,net472,Default,Default,Default,Default,Default,Default,Default,Default,Default,Default,Default,Default,"Job-TCDEJB(Runtime=.NET 4.7.2, Toolchain=net472)",textValue=1234.56789,1,Workload,Result,2,794060400,4194304,189.32
BaselineBenchmarks.Parse,Baseline,BaselineBenchmarks,Parse,Job-TCDEJB,Default,Default,Default,Default,Default,Default,Default,Default,Default,Default,Default,Default,.NET 4.7.2,Default,Default,Default,Default,Default,Default,Default,Default,Default,Default,Default,Default,Default,Default,net472,Default,Default,Default,Default,Default,Default,Default,Default,Default,Default,Default,Default,"Job-TCDEJB(Runtime=.NET 4.7.2, Toolchain=net472)",textValue=1234.56789,1,Workload,Result,3,777243600,4194304,185.31
BaselineBenchmarks.Parse,Baseline,BaselineBenchmarks,Parse,Job-TCDEJB,Default,Default,Default,Default,Default,Default,Default,Default,Default,Default,Default,Default,.NET 4.7.2,Default,Default,Default,Default,Default,Default,Default,Default,Default,Default,Default,Default,Default,Default,net472,Default,Default,Default,Default,Default,Default,Default,Default,Default,Default,Default,Default,"Job-TCDEJB(Runtime=.NET 4.7.2, Toolchain=net472)",textValue=1234.56789,1,Workload,Result,4,793773600,4194304,189.25
BaselineBenchmarks.Parse,Baseline,BaselineBenchmarks,Parse,Job-TCDEJB,Default,Default,Default,Default,Default,Default,Default,Default,Default,Default,Default,Default,.NET 4.7.2,Default,Default,Default,Default,Default,Default,Default,Default,Default,Default,Default,Default,Default,Default,net472,Default,Default,Default,Default,Default,Default,Default,Default,Default,Default,Default,Default,"Job-TCDEJB(Runtime=.NET 4.7.2, Toolchain=net472)",textValue=1234.56789,1,Workload,Result,5,776563100,4194304,185.15
BaselineBenchmarks.Parse,Baseline,BaselineBenchmarks,Parse,Job-TCDEJB,Default,Default,Default,Default,Default,Default,Default,Default,Default,Default,Default,Default,.NET 4.7.2,Default,Default,Default,Default,Default,Default,Default,Default,Default,Default,Default,Default,Default,Default,net472,Default,Default,Default,Default,Default,Default,Default,Default,Default,Default,Default,Default,"Job-TCDEJB(Runtime=.NET 4.7.2, Toolchain=net472)",textValue=1234.56789,1,Workload,Result,6,774769000,4194304,184.72
BaselineBenchmarks.Parse,Baseline,BaselineBenchmarks,Parse,Job-TCDEJB,Default,Default,Default,Default,Default,Default,Default,Default,Default,Default,Default,Default,.NET 4.7.2,Default,Default,Default,Default,Default,Default,Default,Default,Default,Default,Default,Default,Default,Default,net472,Default,Default,Default,Default,Default,Default,Default,Default,Default,Default,Default,Default,"Job-TCDEJB(Runtime=.NET 4.7.2, Toolchain=net472)",textValue=1234.56789,1,Workload,Result,7,776858800,4194304,185.22
BaselineBenchmarks.Parse,Baseline,BaselineBenchmarks,Parse,Job-TCDEJB,Default,Default,Default,Default,Default,Default,Default,Default,Default,Default,Default,Default,.NET 4.7.2,Default,Default,Default,Default,Default,Default,Default,Default,Default,Default,Default,Default,Default,Default,net472,Default,Default,Default,Default,Default,Default,Default,Default,Default,Default,Default,Default,"Job-TCDEJB(Runtime=.NET 4.7.2, Toolchain=net472)",textValue=1234.56789,1,Workload,Result,8,778245700,4194304,185.55
BaselineBenchmarks.Parse,Baseline,BaselineBenchmarks,Parse,Job-TCDEJB,Default,Default,Default,Default,Default,Default,Default,Default,Default,Default,Default,Default,.NET 4.7.2,Default,Default,Default,Default,Default,Default,Default,Default,Default,Default,Default,Default,Default,Default,net472,Default,Default,Default,Default,Default,Default,Default,Default,Default,Default,Default,Default,"Job-TCDEJB(Runtime=.NET 4.7.2, Toolchain=net472)",textValue=1234.56789,1,Workload,Result,9,781799000,4194304,186.4
BaselineBenchmarks.Parse,Baseline,BaselineBenchmarks,Parse,Job-TCDEJB,Default,Default,Default,Default,Default,Default,Default,Default,Default,Default,Default,Default,.NET 4.7.2,Default,Default,Default,Default,Default,Default,Default,Default,Default,Default,Default,Default,Default,Default,net472,Default,Default,Default,Default,Default,Default,Default,Default,Default,Default,Default,Default,"Job-TCDEJB(Runtime=.NET 4.7.2, Toolchain=net472)",textValue=1234.56789,1,Workload,Result,10,761041300,4194304,181.45
BaselineBenchmarks.Parse,Baseline,BaselineBenchmarks,Parse,Job-TCDEJB,Default,Default,Default,Default,Default,Default,Default,Default,Default,Default,Default,Default,.NET 4.7.2,Default,Default,Default,Default,Default,Default,Default,Default,Default,Default,Default,Default,Default,Default,net472,Default,Default,Default,Default,Default,Default,Default,Default,Default,Default,Default,Default,"Job-TCDEJB(Runtime=.NET 4.7.2, Toolchain=net472)",textValue=1234.56789,1,Workload,Result,11,776110400,4194304,185.04
BaselineBenchmarks.Parse,Baseline,BaselineBenchmarks,Parse,Job-TCDEJB,Default,Default,Default,Default,Default,Default,Default,Default,Default,Default,Default,Default,.NET 4.7.2,Default,Default,Default,Default,Default,Default,Default,Default,Default,Default,Default,Default,Default,Default,net472,Default,Default,Default,Default,Default,Default,Default,Default,Default,Default,Default,Default,"Job-TCDEJB(Runtime=.NET 4.7.2, Toolchain=net472)",textValue=1234.56789,1,Workload,Result,12,760686100,4194304,181.36
BaselineBenchmarks.Parse,Baseline,BaselineBenchmarks,Parse,Job-TCDEJB,Default,Default,Default,Default,Default,Default,Default,Default,Default,Default,Default,Default,.NET 4.7.2,Default,Default,Default,Default,Default,Default,Default,Default,Default,Default,Default,Default,Default,Default,net472,Default,Default,Default,Default,Default,Default,Default,Default,Default,Default,Default,Default,"Job-TCDEJB(Runtime=.NET 4.7.2, Toolchain=net472)",textValue=1234.56789,1,Workload,Result,13,761869100,4194304,181.64
BaselineBenchmarks.Parse,Baseline,BaselineBenchmarks,Parse,Job-TCDEJB,Default,Default,Default,Default,Default,Default,Default,Default,Default,Default,Default,Default,.NET 4.7.2,Default,Default,Default,Default,Default,Default,Default,Default,Default,Default,Default,Default,Default,Default,net472,Default,Default,Default,Default,Default,Default,Default,Default,Default,Default,Default,Default,"Job-TCDEJB(Runtime=.NET 4.7.2, Toolchain=net472)",textValue=1234.56789,1,Workload,Result,14,786413400,4194304,187.5
BaselineBenchmarks.Parse,Baseline,BaselineBenchmarks,Parse,Job-TCDEJB,Default,Default,Default,Default,Default,Default,Default,Default,Default,Default,Default,Default,.NET 4.7.2,Default,Default,Default,Default,Default,Default,Default,Default,Default,Default,Default,Default,Default,Default,net472,Default,Default,Default,Default,Default,Default,Default,Default,Default,Default,Default,Default,"Job-TCDEJB(Runtime=.NET 4.7.2, Toolchain=net472)",textValue=1234.56789,1,Workload,Result,15,774961000,4194304,184.77
BaselineBenchmarks.Decimal_Parse,Baseline,BaselineBenchmarks,Decimal_Parse,Job-TCDEJB,Default,Default,Default,Default,Default,Default,Default,Default,Default,Default,Default,Default,.NET 4.7.2,Default,Default,Default,Default,Default,Default,Default,Default,Default,Default,Default,Default,Default,Default,net472,Default,Default,Default,Default,Default,Default,Default,Default,Default,Default,Default,Default,"Job-TCDEJB(Runtime=.NET 4.7.2, Toolchain=net472)",textValue=1234.56789,1,Overhead,Jitting,1,476100,1,476100
BaselineBenchmarks.Decimal_Parse,Baseline,BaselineBenchmarks,Decimal_Parse,Job-TCDEJB,Default,Default,Default,Default,Default,Default,Default,Default,Default,Default,Default,Default,.NET 4.7.2,Default,Default,Default,Default,Default,Default,Default,Default,Default,Default,Default,Default,Default,Default,net472,Default,Default,Default,Default,Default,Default,Default,Default,Default,Default,Default,Default,"Job-TCDEJB(Runtime=.NET 4.7.2, Toolchain=net472)",textValue=1234.56789,1,Workload,Jitting,1,406000,1,406000
BaselineBenchmarks.Decimal_Parse,Baseline,BaselineBenchmarks,Decimal_Parse,Job-TCDEJB,Default,Default,Default,Default,Default,Default,Default,Default,Default,Default,Default,Default,.NET 4.7.2,Default,Default,Default,Default,Default,Default,Default,Default,Default,Default,Default,Default,Default,Default,net472,Default,Default,Default,Default,Default,Default,Default,Default,Default,Default,Default,Default,"Job-TCDEJB(Runtime=.NET 4.7.2, Toolchain=net472)",textValue=1234.56789,1,Overhead,Jitting,2,478500,16,29906.25
BaselineBenchmarks.Decimal_Parse,Baseline,BaselineBenchmarks,Decimal_Parse,Job-TCDEJB,Default,Default,Default,Default,Default,Default,Default,Default,Default,Default,Default,Default,.NET 4.7.2,Default,Default,Default,Default,Default,Default,Default,Default,Default,Default,Default,Default,Default,Default,net472,Default,Default,Default,Default,Default,Default,Default,Default,Default,Default,Default,Default,"Job-TCDEJB(Runtime=.NET 4.7.2, Toolchain=net472)",textValue=1234.56789,1,Workload,Jitting,2,815000,16,50937.5
BaselineBenchmarks.Decimal_Parse,Baseline,BaselineBenchmarks,Decimal_Parse,Job-TCDEJB,Default,Default,Default,Default,Default,Default,Default,Default,Default,Default,Default,Default,.NET 4.7.2,Default,Default,Default,Default,Default,Default,Default,Default,Default,Default,Default,Default,Default,Default,net472,Default,Default,Default,Default,Default,Default,Default,Default,Default,Default,Default,Default,"Job-TCDEJB(Runtime=.NET 4.7.2, Toolchain=net472)",textValue=1234.56789,1,Workload,Pilot,1,9400,16,587.5
BaselineBenchmarks.Decimal_Parse,Baseline,BaselineBenchmarks,Decimal_Parse,Job-TCDEJB,Default,Default,Default,Default,Default,Default,Default,Default,Default,Default,Default,Default,.NET 4.7.2,Default,Default,Default,Default,Default,Default,Default,Default,Default,Default,Default,Default,Default,Default,net472,Default,Default,Default,Default,Default,Default,Default,Default,Default,Default,Default,Default,"Job-TCDEJB(Runtime=.NET 4.7.2, Toolchain=net472)",textValue=1234.56789,1,Workload,Pilot,2,13200,32,412.5
BaselineBenchmarks.Decimal_Parse,Baseline,BaselineBenchmarks,Decimal_Parse,Job-TCDEJB,Default,Default,Default,Default,Default,Default,Default,Default,Default,Default,Default,Default,.NET 4.7.2,Default,Default,Default,Default,Default,Default,Default,Default,Default,Default,Default,Default,Default,Default,net472,Default,Default,Default,Default,Default,Default,Default,Default,Default,Default,Default,Default,"Job-TCDEJB(Runtime=.NET 4.7.2, Toolchain=net472)",textValue=1234.56789,1,Workload,Pilot,3,20400,64,318.75
BaselineBenchmarks.Decimal_Parse,Baseline,BaselineBenchmarks,Decimal_Parse,Job-TCDEJB,Default,Default,Default,Default,Default,Default,Default,Default,Default,Default,Default,Default,.NET 4.7.2,Default,Default,Default,Default,Default,Default,Default,Default,Default,Default,Default,Default,Default,Default,net472,Default,Default,Default,Default,Default,Default,Default,Default,Default,Default,Default,Default,"Job-TCDEJB(Runtime=.NET 4.7.2, Toolchain=net472)",textValue=1234.56789,1,Workload,Pilot,4,38900,128,303.91
BaselineBenchmarks.Decimal_Parse,Baseline,BaselineBenchmarks,Decimal_Parse,Job-TCDEJB,Default,Default,Default,Default,Default,Default,Default,Default,Default,Default,Default,Default,.NET 4.7.2,Default,Default,Default,Default,Default,Default,Default,Default,Default,Default,Default,Default,Default,Default,net472,Default,Default,Default,Default,Default,Default,Default,Default,Default,Default,Default,Default,"Job-TCDEJB(Runtime=.NET 4.7.2, Toolchain=net472)",textValue=1234.56789,1,Workload,Pilot,5,76500,256,298.83
BaselineBenchmarks.Decimal_Parse,Baseline,BaselineBenchmarks,Decimal_Parse,Job-TCDEJB,Default,Default,Default,Default,Default,Default,Default,Default,Default,Default,Default,Default,.NET 4.7.2,Default,Default,Default,Default,Default,Default,Default,Default,Default,Default,Default,Default,Default,Default,net472,Default,Default,Default,Default,Default,Default,Default,Default,Default,Default,Default,Default,"Job-TCDEJB(Runtime=.NET 4.7.2, Toolchain=net472)",textValue=1234.56789,1,Workload,Pilot,6,150300,512,293.55
BaselineBenchmarks.Decimal_Parse,Baseline,BaselineBenchmarks,Decimal_Parse,Job-TCDEJB,Default,Default,Default,Default,Default,Default,Default,Default,Default,Default,Default,Default,.NET 4.7.2,Default,Default,Default,Default,Default,Default,Default,Default,Default,Default,Default,Default,Default,Default,net472,Default,Default,Default,Default,Default,Default,Default,Default,Default,Default,Default,Default,"Job-TCDEJB(Runtime=.NET 4.7.2, Toolchain=net472)",textValue=1234.56789,1,Workload,Pilot,7,303700,1024,296.58
BaselineBenchmarks.Decimal_Parse,Baseline,BaselineBenchmarks,Decimal_Parse,Job-TCDEJB,Default,Default,Default,Default,Default,Default,Default,Default,Default,Default,Default,Default,.NET 4.7.2,Default,Default,Default,Default,Default,Default,Default,Default,Default,Default,Default,Default,Default,Default,net472,Default,Default,Default,Default,Default,Default,Default,Default,Default,Default,Default,Default,"Job-TCDEJB(Runtime=.NET 4.7.2, Toolchain=net472)",textValue=1234.56789,1,Workload,Pilot,8,595400,2048,290.72
BaselineBenchmarks.Decimal_Parse,Baseline,BaselineBenchmarks,Decimal_Parse,Job-TCDEJB,Default,Default,Default,Default,Default,Default,Default,Default,Default,Default,Default,Default,.NET 4.7.2,Default,Default,Default,Default,Default,Default,Default,Default,Default,Default,Default,Default,Default,Default,net472,Default,Default,Default,Default,Default,Default,Default,Default,Default,Default,Default,Default,"Job-TCDEJB(Runtime=.NET 4.7.2, Toolchain=net472)",textValue=1234.56789,1,Workload,Pilot,9,1198200,4096,292.53
BaselineBenchmarks.Decimal_Parse,Baseline,BaselineBenchmarks,Decimal_Parse,Job-TCDEJB,Default,Default,Default,Default,Default,Default,Default,Default,Default,Default,Default,Default,.NET 4.7.2,Default,Default,Default,Default,Default,Default,Default,Default,Default,Default,Default,Default,Default,Default,net472,Default,Default,Default,Default,Default,Default,Default,Default,Default,Default,Default,Default,"Job-TCDEJB(Runtime=.NET 4.7.2, Toolchain=net472)",textValue=1234.56789,1,Workload,Pilot,10,2420800,8192,295.51
BaselineBenchmarks.Decimal_Parse,Baseline,BaselineBenchmarks,Decimal_Parse,Job-TCDEJB,Default,Default,Default,Default,Default,Default,Default,Default,Default,Default,Default,Default,.NET 4.7.2,Default,Default,Default,Default,Default,Default,Default,Default,Default,Default,Default,Default,Default,Default,net472,Default,Default,Default,Default,Default,Default,Default,Default,Default,Default,Default,Default,"Job-TCDEJB(Runtime=.NET 4.7.2, Toolchain=net472)",textValue=1234.56789,1,Workload,Pilot,11,4877700,16384,297.71
BaselineBenchmarks.Decimal_Parse,Baseline,BaselineBenchmarks,Decimal_Parse,Job-TCDEJB,Default,Default,Default,Default,Default,Default,Default,Default,Default,Default,Default,Default,.NET 4.7.2,Default,Default,Default,Default,Default,Default,Default,Default,Default,Default,Default,Default,Default,Default,net472,Default,Default,Default,Default,Default,Default,Default,Default,Default,Default,Default,Default,"Job-TCDEJB(Runtime=.NET 4.7.2, Toolchain=net472)",textValue=1234.56789,1,Workload,Pilot,12,10106200,32768,308.42
BaselineBenchmarks.Decimal_Parse,Baseline,BaselineBenchmarks,Decimal_Parse,Job-TCDEJB,Default,Default,Default,Default,Default,Default,Default,Default,Default,Default,Default,Default,.NET 4.7.2,Default,Default,Default,Default,Default,Default,Default,Default,Default,Default,Default,Default,Default,Default,net472,Default,Default,Default,Default,Default,Default,Default,Default,Default,Default,Default,Default,"Job-TCDEJB(Runtime=.NET 4.7.2, Toolchain=net472)",textValue=1234.56789,1,Workload,Pilot,13,20427000,65536,311.69
BaselineBenchmarks.Decimal_Parse,Baseline,BaselineBenchmarks,Decimal_Parse,Job-TCDEJB,Default,Default,Default,Default,Default,Default,Default,Default,Default,Default,Default,Default,.NET 4.7.2,Default,Default,Default,Default,Default,Default,Default,Default,Default,Default,Default,Default,Default,Default,net472,Default,Default,Default,Default,Default,Default,Default,Default,Default,Default,Default,Default,"Job-TCDEJB(Runtime=.NET 4.7.2, Toolchain=net472)",textValue=1234.56789,1,Workload,Pilot,14,40838100,131072,311.57
BaselineBenchmarks.Decimal_Parse,Baseline,BaselineBenchmarks,Decimal_Parse,Job-TCDEJB,Default,Default,Default,Default,Default,Default,Default,Default,Default,Default,Default,Default,.NET 4.7.2,Default,Default,Default,Default,Default,Default,Default,Default,Default,Default,Default,Default,Default,Default,net472,Default,Default,Default,Default,Default,Default,Default,Default,Default,Default,Default,Default,"Job-TCDEJB(Runtime=.NET 4.7.2, Toolchain=net472)",textValue=1234.56789,1,Workload,Pilot,15,81516600,262144,310.96
BaselineBenchmarks.Decimal_Parse,Baseline,BaselineBenchmarks,Decimal_Parse,Job-TCDEJB,Default,Default,Default,Default,Default,Default,Default,Default,Default,Default,Default,Default,.NET 4.7.2,Default,Default,Default,Default,Default,Default,Default,Default,Default,Default,Default,Default,Default,Default,net472,Default,Default,Default,Default,Default,Default,Default,Default,Default,Default,Default,Default,"Job-TCDEJB(Runtime=.NET 4.7.2, Toolchain=net472)",textValue=1234.56789,1,Workload,Pilot,16,165690300,524288,316.03
BaselineBenchmarks.Decimal_Parse,Baseline,BaselineBenchmarks,Decimal_Parse,Job-TCDEJB,Default,Default,Default,Default,Default,Default,Default,Default,Default,Default,Default,Default,.NET 4.7.2,Default,Default,Default,Default,Default,Default,Default,Default,Default,Default,Default,Default,Default,Default,net472,Default,Default,Default,Default,Default,Default,Default,Default,Default,Default,Default,Default,"Job-TCDEJB(Runtime=.NET 4.7.2, Toolchain=net472)",textValue=1234.56789,1,Workload,Pilot,17,324111500,1048576,309.1
BaselineBenchmarks.Decimal_Parse,Baseline,BaselineBenchmarks,Decimal_Parse,Job-TCDEJB,Default,Default,Default,Default,Default,Default,Default,Default,Default,Default,Default,Default,.NET 4.7.2,Default,Default,Default,Default,Default,Default,Default,Default,Default,Default,Default,Default,Default,Default,net472,Default,Default,Default,Default,Default,Default,Default,Default,Default,Default,Default,Default,"Job-TCDEJB(Runtime=.NET 4.7.2, Toolchain=net472)",textValue=1234.56789,1,Workload,Pilot,18,639384800,2097152,304.88
BaselineBenchmarks.Decimal_Parse,Baseline,BaselineBenchmarks,Decimal_Parse,Job-TCDEJB,Default,Default,Default,Default,Default,Default,Default,Default,Default,Default,Default,Default,.NET 4.7.2,Default,Default,Default,Default,Default,Default,Default,Default,Default,Default,Default,Default,Default,Default,net472,Default,Default,Default,Default,Default,Default,Default,Default,Default,Default,Default,Default,"Job-TCDEJB(Runtime=.NET 4.7.2, Toolchain=net472)",textValue=1234.56789,1,Overhead,Warmup,1,5517400,2097152,2.63
BaselineBenchmarks.Decimal_Parse,Baseline,BaselineBenchmarks,Decimal_Parse,Job-TCDEJB,Default,Default,Default,Default,Default,Default,Default,Default,Default,Default,Default,Default,.NET 4.7.2,Default,Default,Default,Default,Default,Default,Default,Default,Default,Default,Default,Default,Default,Default,net472,Default,Default,Default,Default,Default,Default,Default,Default,Default,Default,Default,Default,"Job-TCDEJB(Runtime=.NET 4.7.2, Toolchain=net472)",textValue=1234.56789,1,Overhead,Warmup,2,5133700,2097152,2.45
BaselineBenchmarks.Decimal_Parse,Baseline,BaselineBenchmarks,Decimal_Parse,Job-TCDEJB,Default,Default,Default,Default,Default,Default,Default,Default,Default,Default,Default,Default,.NET 4.7.2,Default,Default,Default,Default,Default,Default,Default,Default,Default,Default,Default,Default,Default,Default,net472,Default,Default,Default,Default,Default,Default,Default,Default,Default,Default,Default,Default,"Job-TCDEJB(Runtime=.NET 4.7.2, Toolchain=net472)",textValue=1234.56789,1,Overhead,Warmup,3,5377900,2097152,2.56
BaselineBenchmarks.Decimal_Parse,Baseline,BaselineBenchmarks,Decimal_Parse,Job-TCDEJB,Default,Default,Default,Default,Default,Default,Default,Default,Default,Default,Default,Default,.NET 4.7.2,Default,Default,Default,Default,Default,Default,Default,Default,Default,Default,Default,Default,Default,Default,net472,Default,Default,Default,Default,Default,Default,Default,Default,Default,Default,Default,Default,"Job-TCDEJB(Runtime=.NET 4.7.2, Toolchain=net472)",textValue=1234.56789,1,Overhead,Warmup,4,5612300,2097152,2.68
BaselineBenchmarks.Decimal_Parse,Baseline,BaselineBenchmarks,Decimal_Parse,Job-TCDEJB,Default,Default,Default,Default,Default,Default,Default,Default,Default,Default,Default,Default,.NET 4.7.2,Default,Default,Default,Default,Default,Default,Default,Default,Default,Default,Default,Default,Default,Default,net472,Default,Default,Default,Default,Default,Default,Default,Default,Default,Default,Default,Default,"Job-TCDEJB(Runtime=.NET 4.7.2, Toolchain=net472)",textValue=1234.56789,1,Overhead,Warmup,5,5544600,2097152,2.64
BaselineBenchmarks.Decimal_Parse,Baseline,BaselineBenchmarks,Decimal_Parse,Job-TCDEJB,Default,Default,Default,Default,Default,Default,Default,Default,Default,Default,Default,Default,.NET 4.7.2,Default,Default,Default,Default,Default,Default,Default,Default,Default,Default,Default,Default,Default,Default,net472,Default,Default,Default,Default,Default,Default,Default,Default,Default,Default,Default,Default,"Job-TCDEJB(Runtime=.NET 4.7.2, Toolchain=net472)",textValue=1234.56789,1,Overhead,Warmup,6,5566000,2097152,2.65
BaselineBenchmarks.Decimal_Parse,Baseline,BaselineBenchmarks,Decimal_Parse,Job-TCDEJB,Default,Default,Default,Default,Default,Default,Default,Default,Default,Default,Default,Default,.NET 4.7.2,Default,Default,Default,Default,Default,Default,Default,Default,Default,Default,Default,Default,Default,Default,net472,Default,Default,Default,Default,Default,Default,Default,Default,Default,Default,Default,Default,"Job-TCDEJB(Runtime=.NET 4.7.2, Toolchain=net472)",textValue=1234.56789,1,Overhead,Warmup,7,5778600,2097152,2.76
BaselineBenchmarks.Decimal_Parse,Baseline,BaselineBenchmarks,Decimal_Parse,Job-TCDEJB,Default,Default,Default,Default,Default,Default,Default,Default,Default,Default,Default,Default,.NET 4.7.2,Default,Default,Default,Default,Default,Default,Default,Default,Default,Default,Default,Default,Default,Default,net472,Default,Default,Default,Default,Default,Default,Default,Default,Default,Default,Default,Default,"Job-TCDEJB(Runtime=.NET 4.7.2, Toolchain=net472)",textValue=1234.56789,1,Overhead,Warmup,8,5511500,2097152,2.63
BaselineBenchmarks.Decimal_Parse,Baseline,BaselineBenchmarks,Decimal_Parse,Job-TCDEJB,Default,Default,Default,Default,Default,Default,Default,Default,Default,Default,Default,Default,.NET 4.7.2,Default,Default,Default,Default,Default,Default,Default,Default,Default,Default,Default,Default,Default,Default,net472,Default,Default,Default,Default,Default,Default,Default,Default,Default,Default,Default,Default,"Job-TCDEJB(Runtime=.NET 4.7.2, Toolchain=net472)",textValue=1234.56789,1,Overhead,Actual,1,5390500,2097152,2.57
BaselineBenchmarks.Decimal_Parse,Baseline,BaselineBenchmarks,Decimal_Parse,Job-TCDEJB,Default,Default,Default,Default,Default,Default,Default,Default,Default,Default,Default,Default,.NET 4.7.2,Default,Default,Default,Default,Default,Default,Default,Default,Default,Default,Default,Default,Default,Default,net472,Default,Default,Default,Default,Default,Default,Default,Default,Default,Default,Default,Default,"Job-TCDEJB(Runtime=.NET 4.7.2, Toolchain=net472)",textValue=1234.56789,1,Overhead,Actual,2,5405800,2097152,2.58
BaselineBenchmarks.Decimal_Parse,Baseline,BaselineBenchmarks,Decimal_Parse,Job-TCDEJB,Default,Default,Default,Default,Default,Default,Default,Default,Default,Default,Default,Default,.NET 4.7.2,Default,Default,Default,Default,Default,Default,Default,Default,Default,Default,Default,Default,Default,Default,net472,Default,Default,Default,Default,Default,Default,Default,Default,Default,Default,Default,Default,"Job-TCDEJB(Runtime=.NET 4.7.2, Toolchain=net472)",textValue=1234.56789,1,Overhead,Actual,3,5744600,2097152,2.74
BaselineBenchmarks.Decimal_Parse,Baseline,BaselineBenchmarks,Decimal_Parse,Job-TCDEJB,Default,Default,Default,Default,Default,Default,Default,Default,Default,Default,Default,Default,.NET 4.7.2,Default,Default,Default,Default,Default,Default,Default,Default,Default,Default,Default,Default,Default,Default,net472,Default,Default,Default,Default,Default,Default,Default,Default,Default,Default,Default,Default,"Job-TCDEJB(Runtime=.NET 4.7.2, Toolchain=net472)",textValue=1234.56789,1,Overhead,Actual,4,5132000,2097152,2.45
BaselineBenchmarks.Decimal_Parse,Baseline,BaselineBenchmarks,Decimal_Parse,Job-TCDEJB,Default,Default,Default,Default,Default,Default,Default,Default,Default,Default,Default,Default,.NET 4.7.2,Default,Default,Default,Default,Default,Default,Default,Default,Default,Default,Default,Default,Default,Default,net472,Default,Default,Default,Default,Default,Default,Default,Default,Default,Default,Default,Default,"Job-TCDEJB(Runtime=.NET 4.7.2, Toolchain=net472)",textValue=1234.56789,1,Overhead,Actual,5,5012400,2097152,2.39
BaselineBenchmarks.Decimal_Parse,Baseline,BaselineBenchmarks,Decimal_Parse,Job-TCDEJB,Default,Default,Default,Default,Default,Default,Default,Default,Default,Default,Default,Default,.NET 4.7.2,Default,Default,Default,Default,Default,Default,Default,Default,Default,Default,Default,Default,Default,Default,net472,Default,Default,Default,Default,Default,Default,Default,Default,Default,Default,Default,Default,"Job-TCDEJB(Runtime=.NET 4.7.2, Toolchain=net472)",textValue=1234.56789,1,Overhead,Actual,6,5869500,2097152,2.8
BaselineBenchmarks.Decimal_Parse,Baseline,BaselineBenchmarks,Decimal_Parse,Job-TCDEJB,Default,Default,Default,Default,Default,Default,Default,Default,Default,Default,Default,Default,.NET 4.7.2,Default,Default,Default,Default,Default,Default,Default,Default,Default,Default,Default,Default,Default,Default,net472,Default,Default,Default,Default,Default,Default,Default,Default,Default,Default,Default,Default,"Job-TCDEJB(Runtime=.NET 4.7.2, Toolchain=net472)",textValue=1234.56789,1,Overhead,Actual,7,5177500,2097152,2.47
BaselineBenchmarks.Decimal_Parse,Baseline,BaselineBenchmarks,Decimal_Parse,Job-TCDEJB,Default,Default,Default,Default,Default,Default,Default,Default,Default,Default,Default,Default,.NET 4.7.2,Default,Default,Default,Default,Default,Default,Default,Default,Default,Default,Default,Default,Default,Default,net472,Default,Default,Default,Default,Default,Default,Default,Default,Default,Default,Default,Default,"Job-TCDEJB(Runtime=.NET 4.7.2, Toolchain=net472)",textValue=1234.56789,1,Overhead,Actual,8,5475000,2097152,2.61
BaselineBenchmarks.Decimal_Parse,Baseline,BaselineBenchmarks,Decimal_Parse,Job-TCDEJB,Default,Default,Default,Default,Default,Default,Default,Default,Default,Default,Default,Default,.NET 4.7.2,Default,Default,Default,Default,Default,Default,Default,Default,Default,Default,Default,Default,Default,Default,net472,Default,Default,Default,Default,Default,Default,Default,Default,Default,Default,Default,Default,"Job-TCDEJB(Runtime=.NET 4.7.2, Toolchain=net472)",textValue=1234.56789,1,Overhead,Actual,9,5359900,2097152,2.56
BaselineBenchmarks.Decimal_Parse,Baseline,BaselineBenchmarks,Decimal_Parse,Job-TCDEJB,Default,Default,Default,Default,Default,Default,Default,Default,Default,Default,Default,Default,.NET 4.7.2,Default,Default,Default,Default,Default,Default,Default,Default,Default,Default,Default,Default,Default,Default,net472,Default,Default,Default,Default,Default,Default,Default,Default,Default,Default,Default,Default,"Job-TCDEJB(Runtime=.NET 4.7.2, Toolchain=net472)",textValue=1234.56789,1,Overhead,Actual,10,5563100,2097152,2.65
BaselineBenchmarks.Decimal_Parse,Baseline,BaselineBenchmarks,Decimal_Parse,Job-TCDEJB,Default,Default,Default,Default,Default,Default,Default,Default,Default,Default,Default,Default,.NET 4.7.2,Default,Default,Default,Default,Default,Default,Default,Default,Default,Default,Default,Default,Default,Default,net472,Default,Default,Default,Default,Default,Default,Default,Default,Default,Default,Default,Default,"Job-TCDEJB(Runtime=.NET 4.7.2, Toolchain=net472)",textValue=1234.56789,1,Overhead,Actual,11,5506100,2097152,2.63
BaselineBenchmarks.Decimal_Parse,Baseline,BaselineBenchmarks,Decimal_Parse,Job-TCDEJB,Default,Default,Default,Default,Default,Default,Default,Default,Default,Default,Default,Default,.NET 4.7.2,Default,Default,Default,Default,Default,Default,Default,Default,Default,Default,Default,Default,Default,Default,net472,Default,Default,Default,Default,Default,Default,Default,Default,Default,Default,Default,Default,"Job-TCDEJB(Runtime=.NET 4.7.2, Toolchain=net472)",textValue=1234.56789,1,Overhead,Actual,12,5287700,2097152,2.52
BaselineBenchmarks.Decimal_Parse,Baseline,BaselineBenchmarks,Decimal_Parse,Job-TCDEJB,Default,Default,Default,Default,Default,Default,Default,Default,Default,Default,Default,Default,.NET 4.7.2,Default,Default,Default,Default,Default,Default,Default,Default,Default,Default,Default,Default,Default,Default,net472,Default,Default,Default,Default,Default,Default,Default,Default,Default,Default,Default,Default,"Job-TCDEJB(Runtime=.NET 4.7.2, Toolchain=net472)",textValue=1234.56789,1,Overhead,Actual,13,5220300,2097152,2.49
BaselineBenchmarks.Decimal_Parse,Baseline,BaselineBenchmarks,Decimal_Parse,Job-TCDEJB,Default,Default,Default,Default,Default,Default,Default,Default,Default,Default,Default,Default,.NET 4.7.2,Default,Default,Default,Default,Default,Default,Default,Default,Default,Default,Default,Default,Default,Default,net472,Default,Default,Default,Default,Default,Default,Default,Default,Default,Default,Default,Default,"Job-TCDEJB(Runtime=.NET 4.7.2, Toolchain=net472)",textValue=1234.56789,1,Overhead,Actual,14,5178300,2097152,2.47
BaselineBenchmarks.Decimal_Parse,Baseline,BaselineBenchmarks,Decimal_Parse,Job-TCDEJB,Default,Default,Default,Default,Default,Default,Default,Default,Default,Default,Default,Default,.NET 4.7.2,Default,Default,Default,Default,Default,Default,Default,Default,Default,Default,Default,Default,Default,Default,net472,Default,Default,Default,Default,Default,Default,Default,Default,Default,Default,Default,Default,"Job-TCDEJB(Runtime=.NET 4.7.2, Toolchain=net472)",textValue=1234.56789,1,Overhead,Actual,15,5673800,2097152,2.71
BaselineBenchmarks.Decimal_Parse,Baseline,BaselineBenchmarks,Decimal_Parse,Job-TCDEJB,Default,Default,Default,Default,Default,Default,Default,Default,Default,Default,Default,Default,.NET 4.7.2,Default,Default,Default,Default,Default,Default,Default,Default,Default,Default,Default,Default,Default,Default,net472,Default,Default,Default,Default,Default,Default,Default,Default,Default,Default,Default,Default,"Job-TCDEJB(Runtime=.NET 4.7.2, Toolchain=net472)",textValue=1234.56789,1,Workload,Warmup,1,664682800,2097152,316.95
BaselineBenchmarks.Decimal_Parse,Baseline,BaselineBenchmarks,Decimal_Parse,Job-TCDEJB,Default,Default,Default,Default,Default,Default,Default,Default,Default,Default,Default,Default,.NET 4.7.2,Default,Default,Default,Default,Default,Default,Default,Default,Default,Default,Default,Default,Default,Default,net472,Default,Default,Default,Default,Default,Default,Default,Default,Default,Default,Default,Default,"Job-TCDEJB(Runtime=.NET 4.7.2, Toolchain=net472)",textValue=1234.56789,1,Workload,Warmup,2,653484200,2097152,311.61
BaselineBenchmarks.Decimal_Parse,Baseline,BaselineBenchmarks,Decimal_Parse,Job-TCDEJB,Default,Default,Default,Default,Default,Default,Default,Default,Default,Default,Default,Default,.NET 4.7.2,Default,Default,Default,Default,Default,Default,Default,Default,Default,Default,Default,Default,Default,Default,net472,Default,Default,Default,Default,Default,Default,Default,Default,Default,Default,Default,Default,"Job-TCDEJB(Runtime=.NET 4.7.2, Toolchain=net472)",textValue=1234.56789,1,Workload,Warmup,3,666442200,2097152,317.78
BaselineBenchmarks.Decimal_Parse,Baseline,BaselineBenchmarks,Decimal_Parse,Job-TCDEJB,Default,Default,Default,Default,Default,Default,Default,Default,Default,Default,Default,Default,.NET 4.7.2,Default,Default,Default,Default,Default,Default,Default,Default,Default,Default,Default,Default,Default,Default,net472,Default,Default,Default,Default,Default,Default,Default,Default,Default,Default,Default,Default,"Job-TCDEJB(Runtime=.NET 4.7.2, Toolchain=net472)",textValue=1234.56789,1,Workload,Warmup,4,688445400,2097152,328.28
BaselineBenchmarks.Decimal_Parse,Baseline,BaselineBenchmarks,Decimal_Parse,Job-TCDEJB,Default,Default,Default,Default,Default,Default,Default,Default,Default,Default,Default,Default,.NET 4.7.2,Default,Default,Default,Default,Default,Default,Default,Default,Default,Default,Default,Default,Default,Default,net472,Default,Default,Default,Default,Default,Default,Default,Default,Default,Default,Default,Default,"Job-TCDEJB(Runtime=.NET 4.7.2, Toolchain=net472)",textValue=1234.56789,1,Workload,Warmup,5,649000700,2097152,309.47
BaselineBenchmarks.Decimal_Parse,Baseline,BaselineBenchmarks,Decimal_Parse,Job-TCDEJB,Default,Default,Default,Default,Default,Default,Default,Default,Default,Default,Default,Default,.NET 4.7.2,Default,Default,Default,Default,Default,Default,Default,Default,Default,Default,Default,Default,Default,Default,net472,Default,Default,Default,Default,Default,Default,Default,Default,Default,Default,Default,Default,"Job-TCDEJB(Runtime=.NET 4.7.2, Toolchain=net472)",textValue=1234.56789,1,Workload,Warmup,6,647792300,2097152,308.89
BaselineBenchmarks.Decimal_Parse,Baseline,BaselineBenchmarks,Decimal_Parse,Job-TCDEJB,Default,Default,Default,Default,Default,Default,Default,Default,Default,Default,Default,Default,.NET 4.7.2,Default,Default,Default,Default,Default,Default,Default,Default,Default,Default,Default,Default,Default,Default,net472,Default,Default,Default,Default,Default,Default,Default,Default,Default,Default,Default,Default,"Job-TCDEJB(Runtime=.NET 4.7.2, Toolchain=net472)",textValue=1234.56789,1,Workload,Warmup,7,642309900,2097152,306.28
BaselineBenchmarks.Decimal_Parse,Baseline,BaselineBenchmarks,Decimal_Parse,Job-TCDEJB,Default,Default,Default,Default,Default,Default,Default,Default,Default,Default,Default,Default,.NET 4.7.2,Default,Default,Default,Default,Default,Default,Default,Default,Default,Default,Default,Default,Default,Default,net472,Default,Default,Default,Default,Default,Default,Default,Default,Default,Default,Default,Default,"Job-TCDEJB(Runtime=.NET 4.7.2, Toolchain=net472)",textValue=1234.56789,1,Workload,Warmup,8,641793800,2097152,306.03
BaselineBenchmarks.Decimal_Parse,Baseline,BaselineBenchmarks,Decimal_Parse,Job-TCDEJB,Default,Default,Default,Default,Default,Default,Default,Default,Default,Default,Default,Default,.NET 4.7.2,Default,Default,Default,Default,Default,Default,Default,Default,Default,Default,Default,Default,Default,Default,net472,Default,Default,Default,Default,Default,Default,Default,Default,Default,Default,Default,Default,"Job-TCDEJB(Runtime=.NET 4.7.2, Toolchain=net472)",textValue=1234.56789,1,Workload,Warmup,9,656232000,2097152,312.92
BaselineBenchmarks.Decimal_Parse,Baseline,BaselineBenchmarks,Decimal_Parse,Job-TCDEJB,Default,Default,Default,Default,Default,Default,Default,Default,Default,Default,Default,Default,.NET 4.7.2,Default,Default,Default,Default,Default,Default,Default,Default,Default,Default,Default,Default,Default,Default,net472,Default,Default,Default,Default,Default,Default,Default,Default,Default,Default,Default,Default,"Job-TCDEJB(Runtime=.NET 4.7.2, Toolchain=net472)",textValue=1234.56789,1,Workload,Warmup,10,657504400,2097152,313.52
BaselineBenchmarks.Decimal_Parse,Baseline,BaselineBenchmarks,Decimal_Parse,Job-TCDEJB,Default,Default,Default,Default,Default,Default,Default,Default,Default,Default,Default,Default,.NET 4.7.2,Default,Default,Default,Default,Default,Default,Default,Default,Default,Default,Default,Default,Default,Default,net472,Default,Default,Default,Default,Default,Default,Default,Default,Default,Default,Default,Default,"Job-TCDEJB(Runtime=.NET 4.7.2, Toolchain=net472)",textValue=1234.56789,1,Workload,Warmup,11,663275000,2097152,316.27
BaselineBenchmarks.Decimal_Parse,Baseline,BaselineBenchmarks,Decimal_Parse,Job-TCDEJB,Default,Default,Default,Default,Default,Default,Default,Default,Default,Default,Default,Default,.NET 4.7.2,Default,Default,Default,Default,Default,Default,Default,Default,Default,Default,Default,Default,Default,Default,net472,Default,Default,Default,Default,Default,Default,Default,Default,Default,Default,Default,Default,"Job-TCDEJB(Runtime=.NET 4.7.2, Toolchain=net472)",textValue=1234.56789,1,Workload,Warmup,12,645010000,2097152,307.56
BaselineBenchmarks.Decimal_Parse,Baseline,BaselineBenchmarks,Decimal_Parse,Job-TCDEJB,Default,Default,Default,Default,Default,Default,Default,Default,Default,Default,Default,Default,.NET 4.7.2,Default,Default,Default,Default,Default,Default,Default,Default,Default,Default,Default,Default,Default,Default,net472,Default,Default,Default,Default,Default,Default,Default,Default,Default,Default,Default,Default,"Job-TCDEJB(Runtime=.NET 4.7.2, Toolchain=net472)",textValue=1234.56789,1,Workload,Actual,1,642538700,2097152,306.39
BaselineBenchmarks.Decimal_Parse,Baseline,BaselineBenchmarks,Decimal_Parse,Job-TCDEJB,Default,Default,Default,Default,Default,Default,Default,Default,Default,Default,Default,Default,.NET 4.7.2,Default,Default,Default,Default,Default,Default,Default,Default,Default,Default,Default,Default,Default,Default,net472,Default,Default,Default,Default,Default,Default,Default,Default,Default,Default,Default,Default,"Job-TCDEJB(Runtime=.NET 4.7.2, Toolchain=net472)",textValue=1234.56789,1,Workload,Actual,2,647138700,2097152,308.58
BaselineBenchmarks.Decimal_Parse,Baseline,BaselineBenchmarks,Decimal_Parse,Job-TCDEJB,Default,Default,Default,Default,Default,Default,Default,Default,Default,Default,Default,Default,.NET 4.7.2,Default,Default,Default,Default,Default,Default,Default,Default,Default,Default,Default,Default,Default,Default,net472,Default,Default,Default,Default,Default,Default,Default,Default,Default,Default,Default,Default,"Job-TCDEJB(Runtime=.NET 4.7.2, Toolchain=net472)",textValue=1234.56789,1,Workload,Actual,3,639709100,2097152,305.04
BaselineBenchmarks.Decimal_Parse,Baseline,BaselineBenchmarks,Decimal_Parse,Job-TCDEJB,Default,Default,Default,Default,Default,Default,Default,Default,Default,Default,Default,Default,.NET 4.7.2,Default,Default,Default,Default,Default,Default,Default,Default,Default,Default,Default,Default,Default,Default,net472,Default,Default,Default,Default,Default,Default,Default,Default,Default,Default,Default,Default,"Job-TCDEJB(Runtime=.NET 4.7.2, Toolchain=net472)",textValue=1234.56789,1,Workload,Actual,4,634947200,2097152,302.77
BaselineBenchmarks.Decimal_Parse,Baseline,BaselineBenchmarks,Decimal_Parse,Job-TCDEJB,Default,Default,Default,Default,Default,Default,Default,Default,Default,Default,Default,Default,.NET 4.7.2,Default,Default,Default,Default,Default,Default,Default,Default,Default,Default,Default,Default,Default,Default,net472,Default,Default,Default,Default,Default,Default,Default,Default,Default,Default,Default,Default,"Job-TCDEJB(Runtime=.NET 4.7.2, Toolchain=net472)",textValue=1234.56789,1,Workload,Actual,5,652905800,2097152,311.33
BaselineBenchmarks.Decimal_Parse,Baseline,BaselineBenchmarks,Decimal_Parse,Job-TCDEJB,Default,Default,Default,Default,Default,Default,Default,Default,Default,Default,Default,Default,.NET 4.7.2,Default,Default,Default,Default,Default,Default,Default,Default,Default,Default,Default,Default,Default,Default,net472,Default,Default,Default,Default,Default,Default,Default,Default,Default,Default,Default,Default,"Job-TCDEJB(Runtime=.NET 4.7.2, Toolchain=net472)",textValue=1234.56789,1,Workload,Actual,6,643305800,2097152,306.75
BaselineBenchmarks.Decimal_Parse,Baseline,BaselineBenchmarks,Decimal_Parse,Job-TCDEJB,Default,Default,Default,Default,Default,Default,Default,Default,Default,Default,Default,Default,.NET 4.7.2,Default,Default,Default,Default,Default,Default,Default,Default,Default,Default,Default,Default,Default,Default,net472,Default,Default,Default,Default,Default,Default,Default,Default,Default,Default,Default,Default,"Job-TCDEJB(Runtime=.NET 4.7.2, Toolchain=net472)",textValue=1234.56789,1,Workload,Actual,7,658939300,2097152,314.21
BaselineBenchmarks.Decimal_Parse,Baseline,BaselineBenchmarks,Decimal_Parse,Job-TCDEJB,Default,Default,Default,Default,Default,Default,Default,Default,Default,Default,Default,Default,.NET 4.7.2,Default,Default,Default,Default,Default,Default,Default,Default,Default,Default,Default,Default,Default,Default,net472,Default,Default,Default,Default,Default,Default,Default,Default,Default,Default,Default,Default,"Job-TCDEJB(Runtime=.NET 4.7.2, Toolchain=net472)",textValue=1234.56789,1,Workload,Actual,8,653212700,2097152,311.48
BaselineBenchmarks.Decimal_Parse,Baseline,BaselineBenchmarks,Decimal_Parse,Job-TCDEJB,Default,Default,Default,Default,Default,Default,Default,Default,Default,Default,Default,Default,.NET 4.7.2,Default,Default,Default,Default,Default,Default,Default,Default,Default,Default,Default,Default,Default,Default,net472,Default,Default,Default,Default,Default,Default,Default,Default,Default,Default,Default,Default,"Job-TCDEJB(Runtime=.NET 4.7.2, Toolchain=net472)",textValue=1234.56789,1,Workload,Actual,9,646055000,2097152,308.06
BaselineBenchmarks.Decimal_Parse,Baseline,BaselineBenchmarks,Decimal_Parse,Job-TCDEJB,Default,Default,Default,Default,Default,Default,Default,Default,Default,Default,Default,Default,.NET 4.7.2,Default,Default,Default,Default,Default,Default,Default,Default,Default,Default,Default,Default,Default,Default,net472,Default,Default,Default,Default,Default,Default,Default,Default,Default,Default,Default,Default,"Job-TCDEJB(Runtime=.NET 4.7.2, Toolchain=net472)",textValue=1234.56789,1,Workload,Actual,10,648434100,2097152,309.2
BaselineBenchmarks.Decimal_Parse,Baseline,BaselineBenchmarks,Decimal_Parse,Job-TCDEJB,Default,Default,Default,Default,Default,Default,Default,Default,Default,Default,Default,Default,.NET 4.7.2,Default,Default,Default,Default,Default,Default,Default,Default,Default,Default,Default,Default,Default,Default,net472,Default,Default,Default,Default,Default,Default,Default,Default,Default,Default,Default,Default,"Job-TCDEJB(Runtime=.NET 4.7.2, Toolchain=net472)",textValue=1234.56789,1,Workload,Actual,11,643977500,2097152,307.07
BaselineBenchmarks.Decimal_Parse,Baseline,BaselineBenchmarks,Decimal_Parse,Job-TCDEJB,Default,Default,Default,Default,Default,Default,Default,Default,Default,Default,Default,Default,.NET 4.7.2,Default,Default,Default,Default,Default,Default,Default,Default,Default,Default,Default,Default,Default,Default,net472,Default,Default,Default,Default,Default,Default,Default,Default,Default,Default,Default,Default,"Job-TCDEJB(Runtime=.NET 4.7.2, Toolchain=net472)",textValue=1234.56789,1,Workload,Actual,12,659428400,2097152,314.44
BaselineBenchmarks.Decimal_Parse,Baseline,BaselineBenchmarks,Decimal_Parse,Job-TCDEJB,Default,Default,Default,Default,Default,Default,Default,Default,Default,Default,Default,Default,.NET 4.7.2,Default,Default,Default,Default,Default,Default,Default,Default,Default,Default,Default,Default,Default,Default,net472,Default,Default,Default,Default,Default,Default,Default,Default,Default,Default,Default,Default,"Job-TCDEJB(Runtime=.NET 4.7.2, Toolchain=net472)",textValue=1234.56789,1,Workload,Actual,13,630439900,2097152,300.62
BaselineBenchmarks.Decimal_Parse,Baseline,BaselineBenchmarks,Decimal_Parse,Job-TCDEJB,Default,Default,Default,Default,Default,Default,Default,Default,Default,Default,Default,Default,.NET 4.7.2,Default,Default,Default,Default,Default,Default,Default,Default,Default,Default,Default,Default,Default,Default,net472,Default,Default,Default,Default,Default,Default,Default,Default,Default,Default,Default,Default,"Job-TCDEJB(Runtime=.NET 4.7.2, Toolchain=net472)",textValue=1234.56789,1,Workload,Actual,14,644990700,2097152,307.56
BaselineBenchmarks.Decimal_Parse,Baseline,BaselineBenchmarks,Decimal_Parse,Job-TCDEJB,Default,Default,Default,Default,Default,Default,Default,Default,Default,Default,Default,Default,.NET 4.7.2,Default,Default,Default,Default,Default,Default,Default,Default,Default,Default,Default,Default,Default,Default,net472,Default,Default,Default,Default,Default,Default,Default,Default,Default,Default,Default,Default,"Job-TCDEJB(Runtime=.NET 4.7.2, Toolchain=net472)",textValue=1234.56789,1,Workload,Actual,15,650420000,2097152,310.14
BaselineBenchmarks.Decimal_Parse,Baseline,BaselineBenchmarks,Decimal_Parse,Job-TCDEJB,Default,Default,Default,Default,Default,Default,Default,Default,Default,Default,Default,Default,.NET 4.7.2,Default,Default,Default,Default,Default,Default,Default,Default,Default,Default,Default,Default,Default,Default,net472,Default,Default,Default,Default,Default,Default,Default,Default,Default,Default,Default,Default,"Job-TCDEJB(Runtime=.NET 4.7.2, Toolchain=net472)",textValue=1234.56789,1,Workload,Result,1,637148200,2097152,303.82
BaselineBenchmarks.Decimal_Parse,Baseline,BaselineBenchmarks,Decimal_Parse,Job-TCDEJB,Default,Default,Default,Default,Default,Default,Default,Default,Default,Default,Default,Default,.NET 4.7.2,Default,Default,Default,Default,Default,Default,Default,Default,Default,Default,Default,Default,Default,Default,net472,Default,Default,Default,Default,Default,Default,Default,Default,Default,Default,Default,Default,"Job-TCDEJB(Runtime=.NET 4.7.2, Toolchain=net472)",textValue=1234.56789,1,Workload,Result,2,641748200,2097152,306.01
BaselineBenchmarks.Decimal_Parse,Baseline,BaselineBenchmarks,Decimal_Parse,Job-TCDEJB,Default,Default,Default,Default,Default,Default,Default,Default,Default,Default,Default,Default,.NET 4.7.2,Default,Default,Default,Default,Default,Default,Default,Default,Default,Default,Default,Default,Default,Default,net472,Default,Default,Default,Default,Default,Default,Default,Default,Default,Default,Default,Default,"Job-TCDEJB(Runtime=.NET 4.7.2, Toolchain=net472)",textValue=1234.56789,1,Workload,Result,3,634318600,2097152,302.47
BaselineBenchmarks.Decimal_Parse,Baseline,BaselineBenchmarks,Decimal_Parse,Job-TCDEJB,Default,Default,Default,Default,Default,Default,Default,Default,Default,Default,Default,Default,.NET 4.7.2,Default,Default,Default,Default,Default,Default,Default,Default,Default,Default,Default,Default,Default,Default,net472,Default,Default,Default,Default,Default,Default,Default,Default,Default,Default,Default,Default,"Job-TCDEJB(Runtime=.NET 4.7.2, Toolchain=net472)",textValue=1234.56789,1,Workload,Result,4,629556700,2097152,300.2
BaselineBenchmarks.Decimal_Parse,Baseline,BaselineBenchmarks,Decimal_Parse,Job-TCDEJB,Default,Default,Default,Default,Default,Default,Default,Default,Default,Default,Default,Default,.NET 4.7.2,Default,Default,Default,Default,Default,Default,Default,Default,Default,Default,Default,Default,Default,Default,net472,Default,Default,Default,Default,Default,Default,Default,Default,Default,Default,Default,Default,"Job-TCDEJB(Runtime=.NET 4.7.2, Toolchain=net472)",textValue=1234.56789,1,Workload,Result,5,647515300,2097152,308.76
BaselineBenchmarks.Decimal_Parse,Baseline,BaselineBenchmarks,Decimal_Parse,Job-TCDEJB,Default,Default,Default,Default,Default,Default,Default,Default,Default,Default,Default,Default,.NET 4.7.2,Default,Default,Default,Default,Default,Default,Default,Default,Default,Default,Default,Default,Default,Default,net472,Default,Default,Default,Default,Default,Default,Default,Default,Default,Default,Default,Default,"Job-TCDEJB(Runtime=.NET 4.7.2, Toolchain=net472)",textValue=1234.56789,1,Workload,Result,6,637915300,2097152,304.18
BaselineBenchmarks.Decimal_Parse,Baseline,BaselineBenchmarks,Decimal_Parse,Job-TCDEJB,Default,Default,Default,Default,Default,Default,Default,Default,Default,Default,Default,Default,.NET 4.7.2,Default,Default,Default,Default,Default,Default,Default,Default,Default,Default,Default,Default,Default,Default,net472,Default,Default,Default,Default,Default,Default,Default,Default,Default,Default,Default,Default,"Job-TCDEJB(Runtime=.NET 4.7.2, Toolchain=net472)",textValue=1234.56789,1,Workload,Result,7,653548800,2097152,311.64
BaselineBenchmarks.Decimal_Parse,Baseline,BaselineBenchmarks,Decimal_Parse,Job-TCDEJB,Default,Default,Default,Default,Default,Default,Default,Default,Default,Default,Default,Default,.NET 4.7.2,Default,Default,Default,Default,Default,Default,Default,Default,Default,Default,Default,Default,Default,Default,net472,Default,Default,Default,Default,Default,Default,Default,Default,Default,Default,Default,Default,"Job-TCDEJB(Runtime=.NET 4.7.2, Toolchain=net472)",textValue=1234.56789,1,Workload,Result,8,647822200,2097152,308.91
BaselineBenchmarks.Decimal_Parse,Baseline,BaselineBenchmarks,Decimal_Parse,Job-TCDEJB,Default,Default,Default,Default,Default,Default,Default,Default,Default,Default,Default,Default,.NET 4.7.2,Default,Default,Default,Default,Default,Default,Default,Default,Default,Default,Default,Default,Default,Default,net472,Default,Default,Default,Default,Default,Default,Default,Default,Default,Default,Default,Default,"Job-TCDEJB(Runtime=.NET 4.7.2, Toolchain=net472)",textValue=1234.56789,1,Workload,Result,9,640664500,2097152,305.49
BaselineBenchmarks.Decimal_Parse,Baseline,BaselineBenchmarks,Decimal_Parse,Job-TCDEJB,Default,Default,Default,Default,Default,Default,Default,Default,Default,Default,Default,Default,.NET 4.7.2,Default,Default,Default,Default,Default,Default,Default,Default,Default,Default,Default,Default,Default,Default,net472,Default,Default,Default,Default,Default,Default,Default,Default,Default,Default,Default,Default,"Job-TCDEJB(Runtime=.NET 4.7.2, Toolchain=net472)",textValue=1234.56789,1,Workload,Result,10,643043600,2097152,306.63
BaselineBenchmarks.Decimal_Parse,Baseline,BaselineBenchmarks,Decimal_Parse,Job-TCDEJB,Default,Default,Default,Default,Default,Default,Default,Default,Default,Default,Default,Default,.NET 4.7.2,Default,Default,Default,Default,Default,Default,Default,Default,Default,Default,Default,Default,Default,Default,net472,Default,Default,Default,Default,Default,Default,Default,Default,Default,Default,Default,Default,"Job-TCDEJB(Runtime=.NET 4.7.2, Toolchain=net472)",textValue=1234.56789,1,Workload,Result,11,638587000,2097152,304.5
BaselineBenchmarks.Decimal_Parse,Baseline,BaselineBenchmarks,Decimal_Parse,Job-TCDEJB,Default,Default,Default,Default,Default,Default,Default,Default,Default,Default,Default,Default,.NET 4.7.2,Default,Default,Default,Default,Default,Default,Default,Default,Default,Default,Default,Default,Default,Default,net472,Default,Default,Default,Default,Default,Default,Default,Default,Default,Default,Default,Default,"Job-TCDEJB(Runtime=.NET 4.7.2, Toolchain=net472)",textValue=1234.56789,1,Workload,Result,12,654037900,2097152,311.87
BaselineBenchmarks.Decimal_Parse,Baseline,BaselineBenchmarks,Decimal_Parse,Job-TCDEJB,Default,Default,Default,Default,Default,Default,Default,Default,Default,Default,Default,Default,.NET 4.7.2,Default,Default,Default,Default,Default,Default,Default,Default,Default,Default,Default,Default,Default,Default,net472,Default,Default,Default,Default,Default,Default,Default,Default,Default,Default,Default,Default,"Job-TCDEJB(Runtime=.NET 4.7.2, Toolchain=net472)",textValue=1234.56789,1,Workload,Result,13,625049400,2097152,298.05
BaselineBenchmarks.Decimal_Parse,Baseline,BaselineBenchmarks,Decimal_Parse,Job-TCDEJB,Default,Default,Default,Default,Default,Default,Default,Default,Default,Default,Default,Default,.NET 4.7.2,Default,Default,Default,Default,Default,Default,Default,Default,Default,Default,Default,Default,Default,Default,net472,Default,Default,Default,Default,Default,Default,Default,Default,Default,Default,Default,Default,"Job-TCDEJB(Runtime=.NET 4.7.2, Toolchain=net472)",textValue=1234.56789,1,Workload,Result,14,639600200,2097152,304.99
BaselineBenchmarks.Decimal_Parse,Baseline,BaselineBenchmarks,Decimal_Parse,Job-TCDEJB,Default,Default,Default,Default,Default,Default,Default,Default,Default,Default,Default,Default,.NET 4.7.2,Default,Default,Default,Default,Default,Default,Default,Default,Default,Default,Default,Default,Default,Default,net472,Default,Default,Default,Default,Default,Default,Default,Default,Default,Default,Default,Default,"Job-TCDEJB(Runtime=.NET 4.7.2, Toolchain=net472)",textValue=1234.56789,1,Workload,Result,15,645029500,2097152,307.57
